Chunk,Primary_Category,Secondary_Category
chunk_1.txt,Others,
chunk_2.txt,Others,
chunk_3.txt,Others,
chunk_4.txt,Others,
chunk_5.txt,Others,
chunk_6.txt,Others,
chunk_7.txt,Others,
chunk_8.txt,Others,
chunk_9.txt,Others,
chunk_10.txt,Others,
chunk_11.txt,Others,
chunk_12.txt,Others,
chunk_13.txt,Others,
chunk_14.txt,Others,
chunk_15.txt,Others,
chunk_16.txt,Others,
chunk_17.txt,Governance,
chunk_18.txt,Others,
chunk_19.txt,Others,
chunk_20.txt,Others,
chunk_21.txt,Others,
chunk_22.txt,Others,
chunk_23.txt,Others,
chunk_24.txt,Others,
chunk_25.txt,Others,
chunk_26.txt,Others,
chunk_27.txt,Others,
chunk_28.txt,Others,
chunk_29.txt,Others,
chunk_30.txt,Others,
chunk_31.txt,Others,
chunk_32.txt,Others,
chunk_33.txt,Others,
chunk_34.txt,Others,
chunk_35.txt,Others,
chunk_36.txt,Others,
chunk_37.txt,Infrastructure,Content about the Opposition party
chunk_38.txt,Others,
chunk_39.txt,Others,
chunk_40.txt,Others,
chunk_41.txt,Others,
chunk_42.txt,Others,
chunk_43.txt,Others,
chunk_44.txt,Others,
chunk_45.txt,Others,
chunk_46.txt,Others,
chunk_47.txt,Others,
chunk_48.txt,Others,
chunk_49.txt,Others,
chunk_50.txt,Others,
chunk_51.txt,Others,
chunk_52.txt,Others,
chunk_53.txt,Others,
chunk_54.txt,Others,
