Party,Chunk,Primary_Category,Secondary_Category,Status,Error
NDA,chunk_1.txt,Governance,Welfare and Funds,success,
NDA,chunk_2.txt,Governance,Employment and Jobs,success,
NDA,chunk_3.txt,Governance,Employment and Jobs,success,
NDA,chunk_4.txt,Governance,,success,
NDA,chunk_5.txt,Social justice and Deprived communities,Welfare and Funds,success,
NDA,chunk_6.txt,Employment and Jobs,Agriculture and Farmers,success,
NDA,chunk_7.txt,Infrastructure,Employment and Jobs,success,
NDA,chunk_8.txt,Employment and Jobs,Welfare and Funds,success,
NDA,chunk_9.txt,Infrastructure,Social justice and Deprived communities,success,
NDA,chunk_10.txt,Welfare and Funds,Religion and Culture,success,
NDA,chunk_11.txt,Infrastructure,Employment and Jobs,success,
NDA,chunk_12.txt,Employment and Jobs,Governance,success,
NDA,chunk_13.txt,Governance,Infrastructure,success,
NDA,chunk_14.txt,Employment and Jobs,Agriculture and Farmers,success,
NDA,chunk_15.txt,Agriculture and Farmers,Employment and Jobs,success,
NDA,chunk_16.txt,Employment and Jobs,Governance,success,
NDA,chunk_17.txt,Employment and Jobs,Agriculture and Farmers,success,
NDA,chunk_18.txt,Agriculture and Farmers,Welfare and Funds,success,
NDA,chunk_19.txt,Agriculture and Farmers,Welfare and Funds,success,
NDA,chunk_20.txt,Agriculture and Farmers,Infrastructure,success,
NDA,chunk_21.txt,Agriculture and Farmers,Welfare and Funds,success,
NDA,chunk_22.txt,Agriculture and Farmers,Welfare and Funds,success,
NDA,chunk_23.txt,Agriculture and Farmers,Welfare and Funds,success,
NDA,chunk_24.txt,Agriculture and Farmers,Women's Development,success,
NDA,chunk_25.txt,Women's Development,Employment and Jobs,success,
NDA,chunk_26.txt,Women's Development,Welfare and Funds,success,
NDA,chunk_27.txt,Women's Development,Health,success,
NDA,chunk_28.txt,Employment and Jobs,Welfare and Funds,success,
NDA,chunk_29.txt,Employment and Jobs,Welfare and Funds,success,
NDA,chunk_30.txt,Employment and Jobs,Welfare and Funds,success,
NDA,chunk_31.txt,Employment and Jobs,Education,success,
NDA,chunk_32.txt,Employment and Jobs,Health,success,
NDA,chunk_33.txt,Education,Infrastructure,success,
NDA,chunk_34.txt,Education,Governance,success,
NDA,chunk_35.txt,Education,Divyang welfare,success,
NDA,chunk_36.txt,Education,Welfare and Funds,success,
NDA,chunk_37.txt,Education,Health,success,
NDA,chunk_38.txt,Health,Infrastructure,success,
NDA,chunk_39.txt,Health,Employment and Jobs,success,
NDA,chunk_40.txt,Welfare and Funds,Social justice and Deprived communities,success,
NDA,chunk_41.txt,Welfare and Funds,Employment and Jobs,success,
NDA,chunk_42.txt,Social justice and Deprived communities,Welfare and Funds,success,
NDA,chunk_43.txt,Social justice and Deprived communities,Employment and Jobs,success,
NDA,chunk_44.txt,Employment and Jobs,Social justice and Deprived communities,success,
NDA,chunk_45.txt,Welfare and Funds,Social justice and Deprived communities,success,
NDA,chunk_46.txt,Employment and Jobs,Welfare and Funds,success,
NDA,chunk_47.txt,Religion and Culture,Employment and Jobs,success,
NDA,chunk_48.txt,Religion and Culture,Infrastructure,success,
NDA,chunk_49.txt,Religion and Culture,Infrastructure,success,
NDA,chunk_50.txt,Religion and Culture,Education,success,
NDA,chunk_51.txt,Others,Employment and Jobs,success,
NDA,chunk_52.txt,Infrastructure,Others,success,
NDA,chunk_53.txt,Infrastructure,Welfare and Funds,success,
NDA,chunk_54.txt,Infrastructure,Agriculture and Farmers,success,
NDA,chunk_55.txt,Infrastructure,Employment and Jobs,success,
NDA,chunk_56.txt,Infrastructure,,success,
NDA,chunk_57.txt,Infrastructure,,success,
NDA,chunk_58.txt,Infrastructure,Law and order,success,
NDA,chunk_59.txt,Governance,Law and order,success,
NDA,chunk_60.txt,Governance,Law and order,success,
NDA,chunk_61.txt,Employment and Jobs,Governance,success,
NDA,chunk_62.txt,Infrastructure,Welfare and Funds,success,
NDA,chunk_63.txt,Infrastructure,Agriculture and Farmers,success,
NDA,chunk_64.txt,Infrastructure,Employment and Jobs,success,
NDA,chunk_65.txt,Infrastructure,Religion and Culture,success,
NDA,chunk_66.txt,Infrastructure,,success,
NDA,chunk_67.txt,Infrastructure,,success,
NDA,chunk_68.txt,Infrastructure,Law and order,success,
NDA,chunk_69.txt,Governance,Welfare and Funds,success,
NDA,chunk_70.txt,Governance,Law and order,success,
NDA,chunk_71.txt,Employment and Jobs,Governance,success,
